brewery,city_state
"RAM Restaurant & Brewery, Indianapolis","Indianapolis, IN"
"Glacier Brewhouse, Anchorage","Anchorage, AK"
"Florida Beer Co., Melbourne","Melbourne, FL"
"Oggi's Pizza and Brewing, San Clemente","San Clemente, CA"
"BridgePort Brewing, Portland","Portland, OR"
"Diamond Bear Brewing Co., Little Rock","Little Rock, AR"
"Moose’s Tooth Brewing Co., Anchorage","Anchorage, AK"
"Western Reserve Brewing, Cleveland","Cleveland, OH"
"Two Rows Restaurant & Brewery, Dallas","Dallas, TX"
"Pug Ryans Brewery, Dillon","Dillon, CO"
"Hangar 24 Craft Brewery, Redlands","Redlands, CA"
"Pabst Brewing, Los Angeles","Los Angeles, CA"
"Emmett’s Tavern & Brewing Co., West Dundee","West Dundee, IL"
"Laurelwood Brewing, Portland","Portland, OR"
"Gella's Diner, Hays","Hays, KS"
"Flying Fish Brewing Co., Somerdale","Somerdale, NJ"
"Stewart’s Brewing Co., Bear","Bear, DE"
"Papago Brewing Co., Scottsdale","Scottsdale, AZ"
"Fat Head’s Brewery, North Olmsted","North Olmsted, OH"
"The Public House Brewing Co., Rolla","Rolla, MO"
"Gunnison Brewery, Gunnison","Gunnison, CO"
"Olde Saratoga Brewing Co., Saratoga Springs","Saratoga Springs, NY"
"Basil T’s Brewery & Italian Grill, Red Bank","Red Bank, NJ"
"Walnut Brewery, Louisville","Louisville, CO"
"Calhoun's Restaurant, Harrisonburg","Harrisonburg, VA"
"Big Time Brewery, Seattle","Seattle, WA"
"BJ's Restaurant & Brewery, Huntington Beach","Huntington Beach, CA"
"Renegade Brewing Co., Denver","Denver, CO"
"Spoetzl Brewery, Shiner","Shiner, TX"
"Chelsea Brewing, New York","New York, NY"
"Knee Deep Brewing Co., Lincoln","Lincoln, CA"
"Lost Coast Brewery, Eureka","Eureka, CA"
"Iron Hill Brewery, Phoenixville","Phoenixville, PA"
"Full Sail Brewing, Hood River","Hood River, OR"
"Bonfire Brewing, Eagle","Eagle, CO"
"Six Rivers Brewery, McKinleyville","McKinleyville, CA"
"Central Waters Brewing Co., Amherst","Amherst, WI"
"Arch Rock Brewing Co., Gold Beach","Gold Beach, OR"
"Two Beers Brewing Co., Seattle","Seattle, WA"
"Social Kitchen & Brewery, San Francisco","San Francisco, CA"
"Spellbound Brewing, Mount Holly","Mount Holly, NJ"
"Tied House Cafe, Mountain View","Mountain View, CA"
"RAM International/Humperdink's/Big Horn Brewing Co., Lakewood","Lakewood, WA"
"Great Northern Brewing, Whitefi sh","Whitefi sh, MT"
"Flossmoor Station, Flossmoor","Flossmoor, IL"
"Fat Head’s Brewery, Middleburg Heights","Middleburg Heights, OH"
"E.J. Phair Brewing Co., Concord","Concord, CA"
"Christian Moerlein Brewing Co., Cincinnati","Cincinnati, OH"
"The Sand, LotDenver","LotDenver, CO"
"Mayflower Brewing Co., Plymouth","Plymouth, MA"
"Ahnapee Brewery, Algoma","Algoma, WI"
"High Falls Brewing, Rochester","Rochester, NY"
"Rainier Brewing, Tumwater","Tumwater, WA"
"Del Norte Brewing Co., Denver","Denver, CO"
"CB & Potts Restaurant & Brewery, Fort CollinsFort Collins","Fort CollinsFort Collins, CO"
"Stroh Brewery, Fogelsville","Fogelsville, PA"
"Noble Ale Works, Anaheim","Anaheim, CA"
"Pete's Brewing, San Antonio","San Antonio, TX"
"Island Brewing, Carpinteria","Carpinteria, CA"
"Thirsty Dog Brewing, Canton","Canton, OH"
"Rockyard Brewing Co., Castle Rock","Castle Rock, CO"
"Summit Brewing, St Paul","St Paul, MN"
"The Cambridge House, Granby","Granby, CT"
"Karl Strauss Brewing, San Diego","San Diego, CA"
"Great Basin Brewing, Sparks","Sparks, NV"
"Glenwood Canyon Brewing, Glenwood Springs","Glenwood Springs, CO"
"Free State Brewing Co., Lawrence","Lawrence, KS"
"Boscos Brewing, Memphis/Nashville","Memphis/Nashville, TN"
"Schaefer Brewing, San Antonio","San Antonio, TX"
"Alvarado Street Brewery & Grill, Monterey","Monterey, CA"
"Old Dominion Brewing, Dover","Dover, DE"
"Gordon Biersch Brewery, Annapolis","Annapolis, MD"
"Michigan Brewing, Webberville","Webberville, MI"
"Snake River Brewing, Lander","Lander, WY"
"Brew Moon, Brookline","Brookline, MA"
"903 Brewers, Sherman","Sherman, TX"
"Rock Bottom, Englewood","Englewood, CO"
"Redrock Brewery, Salt Lake City","Salt Lake City, UT"
"Redhook Ale Brewery, Portland","Portland, OR"
"Columbia River Brewing Co., Portland","Portland, OR"
"Elevator Brewing, Columbus","Columbus, OH"
"Brooklyn Brewery, Brooklyn","Brooklyn, NY"
"BJ's Restaurant & Brewery, Boulder","Boulder, CO"
"Chama River Brewing, Albuquerque","Albuquerque, NM"
"Oggi's Pizza and Brewing, San Diego","San Diego, CA"
"Smiling Moose Brewpub & Grill, Greeley","Greeley, CO"
"Karbach Brewing Co., Houston","Houston, TX"
"Third Street Ale Works, Santa Rosa","Santa Rosa, CA"
"Ghostfish Brewing Co., Seattle","Seattle, WA"
"Atlanta Brewing Co., Atlanta","Atlanta, GA"
"RAM Restaurant & Brewery, Salem","Salem, OR"
"13 Virtues Brewing Co., Portland","Portland, OR"
"Ortlieb's Brewery & Grille, Pottstown","Pottstown, PA"
"AC Golden, Golden","Golden, CO"
"Silver City Brewery, Bremerton","Bremerton, WA"
"Jurupa Valley Brewing Co., Riverside","Riverside, CA"
"Pelican Pub, Pacifi c City","Pacifi c City, OR"
"Deschutes Brewery, Bend","Bend, OR"
"Hoppers Brooker Creek Grille and Tap Room, Palm Harbor","Palm Harbor, FL"
"Armadillo Ale Works, Denton","Denton, TX"
"Wicked Weed Brewing, Asheville","Asheville, NC"
"Fat Head’s Brewery - Portland, Portland","Portland, OR"
"Temperance Beer Co., Evanston","Evanston, IL"
"Minnesota Brewing, St. Paul","St. Paul, MN"
"J.T. Whitney's Pub & Brewery, Madison","Madison, WI"
"Bluegrass Brewing Co., Louisville","Louisville, KY"
"St. Ides Brewing, Milwaukee","Milwaukee, WI"
"Sweetwater Brewing, Atlanta","Atlanta, GA"
"Iron Hill Brewery, MediaMedia","MediaMedia, PA"
"Chicago Brewing, Las Vegas","Las Vegas, NV"
"Taps Fish House and Brewery, Brea","Brea, CA"
"High Sierra Brewing Co., Carson City","Carson City, NV"
"Rock Bottom, West Des Moines","West Des Moines, IA"
"Ei8ht Ball Brewing, Newport","Newport, KY"
"RAM Restaurant & Brewery, Tacoma","Tacoma, WA"
"McCoy's Public House, Kansas City","Kansas City, MO"
"Flat Tail Brewing Co., Corvallis","Corvallis, OR"
"SandLot, Denver","Denver, CO"
"10 Barrel Brewing Co., Bend","Bend, OR"
"Hops Grillhouse and Brewery, Madison","Madison, GA"
"Rock Bottom, Bethesda","Bethesda, MD"
"The SandLot, Denver","Denver, CO"
"St. Ides Brewing, San Antonio","San Antonio, TX"
"Taxman Brewing Co., Bargersville","Bargersville, IN"
"Rabbit Hole Brewing, Justin","Justin, TX"
"The Lion Brewery, Wilkes-Barre","Wilkes-Barre, PA"
"MobCraft Beer, Madison","Madison, WI"
"Tröegs Brewing Co., Hershey","Hershey, PA"
"Flying Dog Brewery, Frederick","Frederick, MD"
"Buzzards Bay Brewing, Westport","Westport, MA"
"BJ's Restaurant & Brewery, Roseville/Portland/Huntington Beach","Roseville/Portland/Huntington Beach, CA/OR/CA"
"Founders Brewing Co., Grand Rapids","Grand Rapids, MI"
"Broken Tooth Brewing, Anchorage","Anchorage, AK"
"Fort Point Beer Co., San Francisco","San Francisco, CA"
"McCoys Public House, Kansas City","Kansas City, MO"
"Terrapin Beer, Athens","Athens, GA"
"Brewer’s Alley Restaurant and Brewery, Frederick","Frederick, MD"
"Summit Brewing, Saint Paul","Saint Paul, MN"
"Überbrew, Billings","Billings, MT"
"General Lafayette Inn & Brewery, Lafayette Hill","Lafayette Hill, PA"
"Oaken Barrel Brewing Co., Greenwood","Greenwood, IN"
"Garage Brewing Co. & Pizzeria, Temecula","Temecula, CA"
"Green Flash Brewing Co., Vista","Vista, CA"
"Southampton Publick House, Southampton","Southampton, NY"
"Triumph Brewing, Princeton","Princeton, NJ"
"The Post Brewing Co., Lafayette","Lafayette, CO"
"Liquid Mechanics Brewing Co., Lafayette","Lafayette, CO"
"CODA Brewing Co., Aurora","Aurora, CO"
"Abita Brewing Co., Abita Springs","Abita Springs, LA"
"Benchmark Brewing Co., San Diego","San Diego, CA"
"Flat Branch Pub and Brewery, Columbia","Columbia, MO"
"New Helvetia Brewing Co., Sacramento","Sacramento, CA"
"Devils Backbone Brewing, BasecampRoseland","BasecampRoseland, VA"
"Shmaltz Brewing Co., San Francisco","San Francisco, CA"
"Haymarket Pub & Brewery, Chicago","Chicago, IL"
"Prison City Brewing, Auburn","Auburn, NY"
"DESTIHL, Normal","Normal, IL"
"Fonta Flora Brewery, Morganton","Morganton, NC"
"Pyramid Ales & Lagers, Seattle","Seattle, WA"
"Iron Hill Brewery, Philadelphia","Philadelphia, PA"
"Twin Peaks Brewery, Irving","Irving, TX"
"Sand, LotDenver","LotDenver, CO"
"Lone Star Brewing, San Antonio","San Antonio, TX"
"Kane Brewing Co., Ocean","Ocean, NJ"
"CooperSmith’s Pub & Brewing Co., Fort Collins","Fort Collins, CO"
"Neshaminy Creek Brewing, Croydon","Croydon, PA"
"Trap Rock Restaurant and Brewery, Berkeley Heights","Berkeley Heights, NJ"
"Sixpoint Craft Ales, Brooklyn","Brooklyn, NY"
"C.H. Evans Brewing Company, Albany","Albany, NY"
"Olde Hickory Brewery, Hickory","Hickory, NC"
"Morgan Territory Brewing, Tracy","Tracy, CA"
"C.B. & Potts, Fort Collins","Fort Collins, CO"
"Port Brewing and The Lost Abbey, San Marcos","San Marcos, CA"
"Arizona Roadhouse and Brewery, Tempe","Tempe, AZ"
"Fitzpatrick's, Iowa City","Iowa City, IA"
"North Coast Brewing, Fort Bragg","Fort Bragg, CA"
"Ybor City Brewing Company, Tampa","Tampa, FL"
"Alaskan Brewing, Juneau","Juneau, AK"
"5280 Roadhouse Brewery, Littleton","Littleton, CO"
"Cascade Brewery, Portland","Portland, OR"
"Oasis Texas Brewing Co., Austin","Austin, TX"
"The Grumpy Troll Restaurant & Brewery, Mount Horeb","Mount Horeb, WI"
"Rock Bottom, Denver","Denver, CO"
"RAM Restaurant & Brewery, IllinoisWheeling","IllinoisWheeling, IL"
"Ithaca Beer Co., Ithaca","Ithaca, NY"
"Two Brothers Brewing Co., Warrenville","Warrenville, IL"
"Union Colony Brewery, Greeley","Greeley, CO"
"Wiseacre Brewing Co., Memphis","Memphis, TN"
"Triumph Brewing, New Hope","New Hope, PA"
"Dale Bros. Brewery, Upland","Upland, CA"
"Fat Heads Brewery, North Olmsted","North Olmsted, OH"
"Russian River Brewing, Santa Rosa","Santa Rosa, CA"
"College Street Brewhouse & Pub, Lake Havasu City","Lake Havasu City, AZ"
"Devils Backbone Brewing, Lexington","Lexington, VA"
"Angelic Brewing, Madison","Madison, WI"
"St. Ides Brewing, Fogelsville","Fogelsville, PA"
"AC Golden Brewing Co., Golden","Golden, CO"
"Kona Brewing, Kailua-Kona","Kailua-Kona, HI"
"Lucky Envelope Brewing, Seattle","Seattle, WA"
"Devil’s Backbone Brewing Co., Roseland","Roseland, VA"
"The Bellows Brew Crew, Watertown","Watertown, WI"
"Brew Moon, Boston","Boston, MA"
"23rd Street Brewery, Lawrence","Lawrence, KS"
"BNS Brewing & Distilling Co., Santee","Santee, CA"
"Lewis & Clark Brewing Co., Helena","Helena, MT"
"Smartmouth Brewing Co., Norfolk","Norfolk, VA"
"Pig’s Eye Brewing Co., St. Paul","St. Paul, MN"
"Quincy Ships Brewing Company, Quincy","Quincy, MA"
"Rock Bottom, Westminster","Westminster, CO"
"Heavy Seas Beer, Baltimore","Baltimore, MD"
"Gigantic Brewing Co., Portland","Portland, OR"
"RAM Restaurant, Boise","Boise, ID"
"Port City Brewing Co., Alexandria","Alexandria, VA"
"G. Heileman Brewing, Fogelsville","Fogelsville, PA"
"Thirsty Dog Brewing, Independence","Independence, OH"
"Jester King Brewery, Austin","Austin, TX"
"Pelican Pub, Pacific City","Pacific City, OR"
"Elk Mountain Brewing Co., Parker","Parker, CO"
"Perennial Artisan Ales, Saint Louis","Saint Louis, MO"
"Boston Beer Co., Cincinnati","Cincinnati, OH"
"Moose's Tooth, Anchorage","Anchorage, AK"
"Tequesta Brewing Co., Tequesta","Tequesta, FL"
"Eel River Brewing, Fortuna","Fortuna, CA"
"Duck-Rabbit Craft Brewery, Farmville","Farmville, NC"
"Dells Brewing Co., Wisconsin Dells","Wisconsin Dells, WI"
"Red Eye Brewing Co., Wausau","Wausau, WI"
"Olde Peninsula Brewpub & Restaurant, Kalamazoo","Kalamazoo, MI"
"Dogfish Head Brewery, Rehoboth Beach","Rehoboth Beach, DE"
"Big Dog’s Brewing Co., Las Vegas","Las Vegas, NV"
"Oceanside Ale Works, Oceanside","Oceanside, CA"
"Leinenkugel Brewing, Chippewa Falls","Chippewa Falls, WI"
"Union Craft Brewing, Baltimore","Baltimore, MD"
"Rockford Brewing Co. - Rockford, Rockford","Rockford, MI"
"Heroes Restaurant and Brewery, Riverside","Riverside, CA"
"Bristol Brewing, Colorado Springs","Colorado Springs, CO"
"Otter Creek Brewing, Middlebury","Middlebury, VT"
"Three Magnets Brewing, Olympia","Olympia, WA"
"BJ's Grill & Brewery, Portland","Portland, OR"
"The Spoetzl Brewery, San Antonio","San Antonio, TX"
", ",", "
"Far West Ireland Brewing Co., Redmond","Redmond, WA"
"Fegley’s Allentown & Bethlehem Brew Works, Allentown","Allentown, PA"
"Anderson Valley Brewing, Booneville","Booneville, CA"
"Fox River Brewing, Oshkosh","Oshkosh, WI"
"Samuel Adams Brewing, Cincinnati","Cincinnati, OH"
"Desert Edge Brewery, Salt Lake City","Salt Lake City, UT"
"21st Amendment, San Francisco","San Francisco, CA"
"Listermann/Triple Digit Brewing Co., Cincinnati","Cincinnati, OH"
"Engine House #9 Restaurant & Brewery, Tacoma","Tacoma, WA"
"Dillon Dam Brewery, Dillon","Dillon, CO"
"Watch City Brewing Company, Waltham","Waltham, MA"
"Thirsty Dog Brewing, N. Canton","N. Canton, OH"
"Schlitz Brewing, Fogelsville","Fogelsville, PA"
"Firestone Walker, Paso Robles","Paso Robles, CA"
"Funkwerks, Fort Collins","Fort Collins, CO"
"75th Street Brewery, Lawrence","Lawrence, KS"
"Herkimer Pub and Brewery, Minneapolis","Minneapolis, MN"
"Barley's Casino, Henderson","Henderson, NV"
"Baxter Brewing Co., Auburn","Auburn, ME"
"Cambridge Brewing, Cambridge","Cambridge, MA"
"The Duck-Rabbit Craft Brewery, Farmville","Farmville, NC"
"America's Brewing Company, Aurora","Aurora, IL"
"Seabright Brewery, Santa Cruz","Santa Cruz, CA"
"Durango Brewing Co., Durango","Durango, CO"
"Michelob Brewing Co., St. Louis","St. Louis, MO"
"Iron Springs Pub & Brewery, Fairfax","Fairfax, CA"
"Rogue Ales, Newport","Newport, OR"
"Steel Toe Brewing, St. Louis Park","St. Louis Park, MN"
"Founders Restaurant & Brewing Company, Alexandria","Alexandria, VA"
"Smoky Mountain Brewery, Knoxville","Knoxville, TN"
"Big Rock Chop House, Birmingham","Birmingham, MI"
"Trinity Brewing, Providence","Providence, RI"
"Caldera Brewing Co., Ashland","Ashland, OR"
"Baker City Brewing Co., Baker City","Baker City, OR"
"Tustin Brewing Co., Tustin","Tustin, CA"
"Grimm Artisanal Ales, Brooklyn","Brooklyn, NY"
"Cisco Brewers, Nantucket","Nantucket, MA"
"Northwoods Brewing Corp., Eau Claire","Eau Claire, WI"
"Coors Archive Brewery, Golden","Golden, CO"
"On Tap Bistro & Brewery, San Diego","San Diego, CA"
"The Prodigal Brewery, Effingham","Effingham, NH"
"Moylan's Brewery, Novato","Novato, CA"
"Rock Bottom, La Jolla","La Jolla, CA"
"Santa Fe Brewing Co., Santa Fe","Santa Fe, NM"
"Boscos, Memphis","Memphis, TN"
"Trinity Brewing, Colorado Springs","Colorado Springs, CO"
"Champion Brewing Co., Charlottesville","Charlottesville, VA"
"Black Tooth Brewing Co., Sheridan","Sheridan, WY"
"Stone Brewing, San Diego","San Diego, CA"
"Eddyline Brewing, Buena Vista","Buena Vista, CO"
"American Brewing Co., Edmonds","Edmonds, WA"
"Epic Brewing Co., Salt Lake City","Salt Lake City, UT"
"Devils Backbone Brewing, OutpostLexington","OutpostLexington, VA"
"Craftsman Brewing Co., Pasadena","Pasadena, CA"
"Pennsylvania Brewing, Pittsburgh","Pittsburgh, PA"
"MillerCoors, Milwaukee","Milwaukee, WI"
"Fish Brewing Co., Olympia","Olympia, WA"
"Cigar City Brewing, Tampa","Tampa, FL"
"Maui Brewing, Maui","Maui, HI"
"Montana Brewing, Billings","Billings, MT"
"Burnside Brewing Co., Portland","Portland, OR"
"Breakside Brewery, Portland","Portland, OR"
"Blue Moon Brewing Co., Denver","Denver, CO"
"Magnolia Gastropub, San Francisco","San Francisco, CA"
"Etna Brewing Co., Etna","Etna, CA"
"Pabst Brewing, Woodridge","Woodridge, IL"
"Dale Bros Brewery, Upland","Upland, CA"
"Devils Backbone Brewing, Roseland","Roseland, VA"
"Fifty, Fifty Brewing Co.Truckee","Fifty Brewing Co.Truckee, CA"
"TAPS Fish House & Brewery, Corona","Corona, CA"
"Wilmington Brewing Company, Wilmington","Wilmington, NC"
"Main Street Station, Las Vegas","Las Vegas, NV"
"Mickey Finn's Brewery, Libertyville","Libertyville, IL"
"Coors Brewing, Golden","Golden, CO"
"Rochester Mills Beer Co., Rochester","Rochester, MI"
"Revolution Brewing, Chicago","Chicago, IL"
"Samuel Adams Brewing, Boston","Boston, MA"
"Gilded Otter Brewing Co., New Paltz","New Paltz, NY"
"Dark Horse Brewing Co., Marshall","Marshall, MI"
"Emmett's Tavern, West Dundee","West Dundee, IL"
"Right Brain Brewery, Traverse City","Traverse City, MI"
"Barley Island Brewing Co., Fishers","Fishers, IN"
"Clipper City Brewing, Baltimore","Baltimore, MD"
"The Detroit Beer Co., Detroit","Detroit, MI"
"Three Notch’d Brewing Co., Charlottesville","Charlottesville, VA"
"Oak Creek Brewing Co., Sedona","Sedona, AZ"
"Full Sail Brewing, Portland","Portland, OR"
"Bison Brewing Co., Berkeley","Berkeley, CA"
"Ghost River Brewing, Memphis","Memphis, TN"
"Wolf Canyon Brewing Company, Santa Fe","Santa Fe, NM"
"Plank Road Brewery, Milwaukee","Milwaukee, WI"
"5 Rabbit Cerveceria, Chicago","Chicago, IL"
"KettleHouse Brewing Co., Missoula","Missoula, MT"
"High Water Brewing, Chico","Chico, CA"
"Station Casinos Breweries / Barley’s Casino & Brewing Company, Henderson","Henderson, NV"
"Arcadia Brewing Co., Kalamazoo","Kalamazoo, MI"
"The Brooklyn Brewery, Brookyln","Brookyln, NY"
"Humboldt Brewery, Arcata","Arcata, CA"
"Bitter End, Austin","Austin, TX"
"New Holland Brewing, Holland","Holland, MI"
"Hailstorm Brewing Co., Tinley Park","Tinley Park, IL"
"Bulldog Brewing Co., Fresno","Fresno, CA"
"Dry Dock Brewing, Aurora","Aurora, CO"
"Blue Pants Brewery, Madison","Madison, AL"
"Fort Collins Brewery, Fort Collins","Fort Collins, CO"
"The Mash House Restaurant & Brewing Company -, Fayetteville","Fayetteville, NC"
"New Belgium Brewing, Fort Collins","Fort Collins, CO"
"Monday Night Brewing, Atlanta","Atlanta, GA"
"Heretic Brewing Co., Pittsburg","Pittsburg, CA"
"Black Forest Brew Haus LLC., Farmingdale","Farmingdale, NY"
"Fire, House Grill & BrewerySunnyvale","House Grill & BrewerySunnyvale, CA"
"Altitude Chophouse and Brewery, Laramie","Laramie, WY"
"BJ's Pizza Grill & Brewery, Brea","Brea, CA"
"Bear Republic Brewing, Cloverdale","Cloverdale, CA"
"Faction Brewing Co., Alameda","Alameda, CA"
"Zipline Brewing Co., Lincoln","Lincoln, NE"
"Ballast Point Brewing, San Diego","San Diego, CA"
"Monkey Paw Brewing Co., San Diego","San Diego, CA"
"Powerhouse Brewing, Sebastopol","Sebastopol, CA"
"Alesmith Brewing Co., San Diego","San Diego, CA"
"Redwood Curtain Brewing Co., Arcata","Arcata, CA"
"Iron Hill Brewery, West Chester","West Chester, PA"
"Bull & Bush Brewery, Denver","Denver, CO"
"Ham's Restaurant & Brewhouse, Greenville","Greenville, NC"
"Rock Bottom, Louisville","Louisville, CO"
"DuClaw Brewing Co., Bel Air","Bel Air, MD"
"Gordon Biersch Brewery, Rockville/Broomfield","Rockville/Broomfield, MD/CO"
"Bell’s Brewery, Galesburg","Galesburg, MI"
"Marble Brewery, Albuquerque","Albuquerque, NM"
"Prescott Brewing, Prescott","Prescott, AZ"
"Nectar Ales, Paso Robles","Paso Robles, CA"
"Former Future Brewing Co., Denver","Denver, CO"
"Blue Corn Brewery, Santa Fe","Santa Fe, NM"
"Goose Island Beer Co., Chicago","Chicago, IL"
"Newport Beach Brewing, Newport Beach","Newport Beach, CA"
"Half Acre Beer Co., Chicago","Chicago, IL"
"Rohrbach Brewing Co., Rochester","Rochester, NY"
"Honolulu Brewing Company LLC, Honolulu","Honolulu, HI"
"Societe Brewing Co., San Diego","San Diego, CA"
"Rock Bottom, Campbell","Campbell, CA"
"Fegley’s Brew Works, Allentown","Allentown, PA"
"Valhalla Microbrewery, Pittsburgh","Pittsburgh, PA"
"The Austin Beer Garden Brewing Co., Austin","Austin, TX"
"Snipes Mountain Brewing, Sunnyside","Sunnyside, WA"
"Panther Island Brewing Co., Fort Worth","Fort Worth, TX"
"John Harvard's Brew House, Springfield","Springfield, PA"
"WeldWerks Brewing Co., Greeley","Greeley, CO"
"Mammoth Brewing, Mammoth","Mammoth, CA"
"Institution Ale Co., Camarillo","Camarillo, CA"
"Allentown/Bethlehem Brew Works, Allentown","Allentown, PA"
"Platt Park Brewing Co., Denver","Denver, CO"
"Lone Star Brewing, Milwaukee","Milwaukee, WI"
"Fargo Brewing Co., Fargo","Fargo, ND"
"Boise Brewing, Boise","Boise, ID"
"Rock Bottom, Chicago","Chicago, IL"
"Offshore Ale Company, Oak Bluffs","Oak Bluffs, MA"
"Starr Hill Brewing, Charlottesville","Charlottesville, VA"
"SLO Brewing, San Luis Obispo","San Luis Obispo, CA"
"Native Brewing Company, Alexandria","Alexandria, VA"
"Gella's Diner & Liquid Bread Brewing Co., Hays","Hays, KS"
"Mazama Brewing Co., Corvallis","Corvallis, OR"
"Alpine Beer, Alpine","Alpine, CA"
"Barley Brothers Brewery, Baker City","Baker City, OR"
"O’so Brewing, Plover","Plover, WI"
"RAM Restaurant, Seattle","Seattle, WA"
"Lawson’s Finest Liquids, Warren","Warren, VT"
"Wild Duck Brewery & Restaurant, Eugene","Eugene, OR"
"Far West Brewing Co., Redmond","Redmond, WA"
"5 Stones Artisan Brewery, Cibolo","Cibolo, TX"
"Saranac/F., X. Matt Brewing Co.Utica","X. Matt Brewing Co.Utica, NY"
"Carbondale Craft Beer, Carbondale","Carbondale, IL"
"Bootstrap Brewing Co., Niwot","Niwot, CO"
"Summit Brewing, St. Paul","St. Paul, MN"
"Empire Brewing Company of Syracuse, Syracuse","Syracuse, NY"
"The Oyster Bar Bistro & Brewery, Fort Wayne","Fort Wayne, IN"
"Marley’s Brewery & Grille, Bloomsburg","Bloomsburg, PA"
"Unique Beers, Orlando","Orlando, FL"
"Captain Lawrence Brewing, Pleasantville","Pleasantville, NY"
"Carolina Brewery, Chapel Hill","Chapel Hill, NC"
"Valley Brewing Co., Stockton","Stockton, CA"
"Fulton Beer, Minneapolis","Minneapolis, MN"
"Yellow Springs Brewery, Yellow Springs","Yellow Springs, OH"
"Fremont Brewing Co., Seattle","Seattle, WA"
"Canteen Brewhouse, Albuquerque","Albuquerque, NM"
"The Brew Kettle, Strongsville","Strongsville, OH"
"Bastone Brewery, Royal Oak","Royal Oak, MI"
"DOG Brewing Co., Westminster","Westminster, MD"
"Babe’s Bar-B-Que & Brewhouse, Rancho Mirage","Rancho Mirage, CA"
"Grand Teton Brewing, Victor","Victor, ID"
"Ritual Brewing Co., Redlands","Redlands, CA"
"49th State Brewing Co., Denali National Park","Denali National Park, AK"
"Bend Brewing, Bend","Bend, OR"
"Bier Brewery, Indianapolis","Indianapolis, IN"
"Boulevard Brewing, Kansas City","Kansas City, MO"
"Black Diamond Brewing Co., Concord","Concord, CA"
"Pumphouse Brewery, Longmont","Longmont, CO"
"Port Brewing Co., San Marcos","San Marcos, CA"
"Anheuser-Busch, Fort Collins","Fort Collins, CO"
"Schlitz Brewing, San Antonio","San Antonio, TX"
"Carter’s Brewing, Billings","Billings, MT"
"SandLot Brewery at Coors Field, Denver","Denver, CO"
"Jos. Schlitz Brewing Company, Fogelsville","Fogelsville, PA"
"Casco Bay Brewing Company, Portland","Portland, ME"
"Pagosa Brewing, Pagosa Springs","Pagosa Springs, CO"
"CB & Potts Restaurant & Brewery, Highlands Ranch","Highlands Ranch, CO"
"Outer Banks Brewing Co., Kill Devil Hills","Kill Devil Hills, NC"
"Fitger’s Brewhouse, Duluth","Duluth, MN"
"75th Street Brewery, Kansas City","Kansas City, MO"
"The Rare Barrel, Berkeley","Berkeley, CA"
"Santa Barbara Brewing, Santa Barbara","Santa Barbara, CA"
"Rock Bottom, Braintree","Braintree, MA"
"Real Ale Brewing Co., Blanco","Blanco, TX"
"Starr Hill Brewing, Crozet","Crozet, VA"
"Columbus Brewing Co., Columbus","Columbus, OH"
"Wit’s End Brewing Co., Denver","Denver, CO"
"Nebraska Brewing Co., Papillion","Papillion, NE"
"Airways Brewing Co., Kent","Kent, WA"
"Holy City Brewing, North Charleston","North Charleston, SC"
"Russian River Brewing, Guerneville","Guerneville, CA"
"Hoppy Brewing, Sacramento","Sacramento, CA"
"Badger Hill Brewing, St. Louis Park","St. Louis Park, MN"
"Four Peaks Brewing, Tempe","Tempe, AZ"
"Dogfish Head Brewery, Milton","Milton, DE"
"Haverhill Brewery, Haverhill","Haverhill, MA"
"Aftershock Brewing Co., Temecula","Temecula, CA"
"Joseph James Brewing Co., Henderson","Henderson, NV"
"BJ's Restaurant & Brewery, Reno/Chandler/Huntington Beach","Reno/Chandler/Huntington Beach, NV/AZ/CA"
"Figueroa Mountain Brewing, Buellton","Buellton, CA"
"Holy City Brewing, Charleston","Charleston, SC"
"Stroh Brewery, San Antonio","San Antonio, TX"
"Uncle Billy’s Brew & Que, Austin","Austin, TX"
"Tenaya Creek Brewery, Las Vegas","Las Vegas, NV"
"Iron Hill Brewery, Lancaster","Lancaster, PA"
"Smylie Brothers Brewing Co., Evanston","Evanston, IL"
"Pizza Port, Ocean Beach","Ocean Beach, CA"
"Pug Ryan's Brewery, Dillon","Dillon, CO"
"Ground Breaker Brewing, Portland","Portland, OR"
"Colorado Boy Brewing Co., Ridgway","Ridgway, CO"
"Hale's Ales, Seattle","Seattle, WA"
"Dillon DAM Brewery, Dillon","Dillon, CO"
"Aardwolf Brewing Co., Jacksonville","Jacksonville, FL"
"Breckenridge Brewery, Denver","Denver, CO"
"Peticolas Brewing Co., Dallas","Dallas, TX"
"Squatters, Salt Lake City","Salt Lake City, UT"
"Blue Corn Brewery, Albuquerque","Albuquerque, NM"
"SweetWater Brewing Co., Atlanta","Atlanta, GA"
"Great South Bay Brewery, Bay Shore","Bay Shore, NY"
"Denver Beer Company, Denver","Denver, CO"
"Sly Fox Brewhouse, Phoenixville","Phoenixville, PA"
"Oskar Blues, Longmont","Longmont, CO"
"Weasel Boy Brewing Co., Zanesville","Zanesville, OH"
"Bullfrog Brewery, Williamsport","Williamsport, PA"
"Park Slope Brewing Company, Brooklyn","Brooklyn, NY"
"Max Lager’s Wood-Fired Grill & Brewery, Atlanta","Atlanta, GA"
"Nodding Head Brewing, Philadelphia","Philadelphia, PA"
"Kootenai River Brewing Co., Bonners Ferry","Bonners Ferry, ID"
"Brugge Brasserie, Indianapolis","Indianapolis, IN"
"RAM Restaurant & Brewery, SeattleSeattle","SeattleSeattle, WA"
"Boscos Brewing, Memphis","Memphis, TN"
"Blackberry Farm Brewery, Walland","Walland, TN"
"Elk Grove Brewery, Elk Grove","Elk Grove, CA"
"Hoppin’ Frog Brewing Co., Akron","Akron, OH"
"Austin Beerworks, Austin","Austin, TX"
"Bohemian Brewery, Midvale","Midvale, UT"
"HofbrauHaus Brewery and Biergarten at Station Casino, Kansas City","Kansas City, MO"
"Rock Bottom, Phoenix","Phoenix, AZ"
"Huss Brewing, Tempe","Tempe, AZ"
"Golden Valley Brewery and Pub, McMinnville","McMinnville, OR"
"Diebolt Brewing Co., Denver","Denver, CO"
"Thai Me Up Brewery, Jackson","Jackson, WY"
"Devils Backbone Brewing, Outpost","Outpost, "
"Short’s Brewing Co., Elk Rapids","Elk Rapids, MI"
"Telluride Brewing Co., Telluride","Telluride, CO"
"Alameda Brewhouse, Portland","Portland, OR"
"Pizza Port, San Diego","San Diego, CA"
"Jarre Creek Ranch Brewery, Castle Rock","Castle Rock, CO"
"Stoudt's Brewing, Adamstown","Adamstown, PA"
"BJ's Restaurant & Brewery, Jantzen Beach/Lloyd Center/Clear Lake","Jantzen Beach/Lloyd Center/Clear Lake, OR/OR/TX"
"Odell Brewing, Fort Collins","Fort Collins, CO"
"Big Horn Brewing, Tacoma","Tacoma, WA"
"New River Brewing, Blacksburg","Blacksburg, VA"
"Thr3e Wise Men Brewing Co., Indianapolis","Indianapolis, IN"
"Rock Bottom, Seattle","Seattle, WA"
"The Lost Abbey, San Marcos","San Marcos, CA"
"Brothers Craft Brewing, Harrisonburg","Harrisonburg, VA"
"Rock Bottom, Arlington","Arlington, VA"
"Custom Brew Crafters, Honeoye Falls","Honeoye Falls, NY"
"Main Street Brewery, Corona","Corona, CA"
"Big Horn Brewing, Addison","Addison, TX"
"Eugene City Brewery, Eugene","Eugene, OR"
"Stormcloud Brewing Co., Frankfort","Frankfort, MI"
"BJ's Restaurant & Brewery, ChandlerChandler","ChandlerChandler, AZ"
"Dogwood Brewing Co., Atlanta","Atlanta, GA"
"Big Horn Brewing, Lakewood","Lakewood, WA"
"Rio Salado Brewing Company, Tempe","Tempe, Arizona"
"Black Project Spontaneous & Wild Ales, Denver","Denver, CO"
"Mountain Sun Pub, Boulder","Boulder, CO"
"Wind River Brewing Co., Pinedale","Pinedale, WY"
"Kern River Brewing, Kernville","Kernville, CA"
"The Covey Restaurant & Brewery, Fort Worth","Fort Worth, TX"
"Moon River Brewing Co., Savannah","Savannah, GA"
"Hopworks Urban Brewery, Portland","Portland, OR"
"Pearl Brewing Co., Fort Worth","Fort Worth, TX"
"Steelhead Brewery, Eugene","Eugene, OR"
"Il Vicino Brewing, Albuquerque","Albuquerque, NM"
"Bagby Beer Co., Oceanside","Oceanside, CA"
"Smog City Brewing, Torrance","Torrance, CA"
"Lakefront Brewery, Milwaukee","Milwaukee, WI"
"Rogue Ales, Portland","Portland, OR"
"Glenwood Canyon Brewing, Glenwood","Glenwood, CO"
"Castle Springs Brewing, Moultonborough","Moultonborough, NH"
"River’s Edge Brewing Co., Milford","Milford, MI"
"RAM Restaurant, Schaumburg","Schaumburg, IL"
"Smugglers Brewpub, Telluride","Telluride, CO"
"Redhook Ale Brewery, Woodinville","Woodinville, WA"
"Uinta Brewing, Salt Lake City","Salt Lake City, UT"
"John Harvard's Brew House, Wayne","Wayne, PA"
"Old Town Brewing, Portland","Portland, OR"
"Flyers Restaurant and Brewery, Oak Harbor","Oak Harbor, WA"
"Horse Thief Hollow, Chicago","Chicago, IL"
"New River Brewing, Atlanta","Atlanta, GA"
"Napa Smith Brewery, Napa","Napa, CA"
"Peekskill Brewery, Peekskill","Peekskill, NY"
"Central Waters Brewing Co., Junction City","Junction City, WI"
"C. H. Evans Brewing, Albany","Albany, NY"
"Telegraph Brewing Co., Santa Barbara","Santa Barbara, CA"
"Portland Brewing, Portland","Portland, OR"
"Iron Hill Brewery, Newark","Newark, DE"
"Steelhead Brewery, Burlingame","Burlingame, CA"
"Gibb’s Hundred Brewing Co., Greensboro","Greensboro, NC"
"Back Forty Beer Co., Gadsden","Gadsden, AL"
"Dogfi sh Head Craft Brewery, Milton","Milton, DE"
"Blitz-Weinhard Brewing, Tumwater","Tumwater, WA"
"Bosque Brewing Co., Albuquerque","Albuquerque, NM"
"Harvester Brewing, Portland","Portland, OR"
"von Trapp Brewing, Stowe","Stowe, VT"
"Wynkoop Brewing, Denver","Denver, CO"
"Saint Archer Brewing Co., San Diego","San Diego, CA"
"Fat Heads Brewery, Middleburg Heights","Middleburg Heights, OH"
"Strange Brewing Co., Denver","Denver, CO"
"Left Hand Brewing Co., Longmont","Longmont, CO"
"Holy Cow! Casino Café & Brewery, Las Vegas","Las Vegas, NV"
"Snow Goose Restaurant and Sleeping Lady Brewing Company, Anchorage","Anchorage, AK"
"Oasis Brewery, Boulder","Boulder, CO"
"Salem Beer Works, Salem","Salem, MA"
"Blue Moon Brewing Co., Golden","Golden, CO"
"BJ's Restaurant & Brewery, Woodland Hills","Woodland Hills, CA"
"Melvin Brewing, Jackson","Jackson, WY"
"Stewart's Brewing Co., Bear","Bear, DE"
"Spanish Springs Brewing, The Villages","The Villages, FL"
"Kettlehouse Brewing Co., Missoula","Missoula, MT"
"The Bruery, Placentia","Placentia, CA"
"Fate Brewing Co., Scottsdale","Scottsdale, AZ"
"New English Brewing Co., San Diego","San Diego, CA"
"FiftyFifty Brewing Co., Truckee","Truckee, CA"
"RAM International/Big Horn Brewing, Lakewood","Lakewood, WA"
"Mammoth Brewing, Mammoth Lakes","Mammoth Lakes, CA"
"Triple Rock Brewery, Berkeley","Berkeley, CA"
"Beaver St. Brewery, Flagstaff","Flagstaff, AZ"
"Delafield Brewhaus, Delafield","Delafield, WI"
"Pinthouse Pizza, Austin","Austin, TX"
"Fat Head’s Brewery - N. Olmstead, North Olmsted","North Olmsted, OH"
"Redhook Ale Brewery, Portsmouth","Portsmouth, NH"
"Morgan Street Brewery, Saint Louis","Saint Louis, MO"
"Red Brick-Atlanta Brewing Co., Atlanta","Atlanta, GA"
"Drake's Brewing, San Leandro","San Leandro, CA"
"Twisted Pine Brewing Co., Boulder","Boulder, CO"
"Full Pint Brewing Co., North Versailles","North Versailles, PA"
"Crow Hop Brewing Co., Loveland","Loveland, CO"
"Diamondback Brewery, Cleveland","Cleveland, OH"
"BJ's Restaurant & Brewery, AZ/Boulder","AZ/Boulder, CO"
"RJ Rockers Brewing Co., Spartanburg","Spartanburg, SC"
"New Road Brew House, Collegeville","Collegeville, PA"
"Colorado Brewery & Trading Co., Danbury","Danbury, CT"
"Port Brewing & The Lost Abbey, San Marcos","San Marcos, CA"
"Brickstone Brewery, Bourbonnais","Bourbonnais, IL"
"Empire Brewing Co. of Rochester, Rochester","Rochester, NY"
"Colorado Brewing Co./Draft House, Boulder","Boulder, CO"
"Tapistry Brewing Co., Bridgman","Bridgman, MI"
"5 Rabbit Cerveceria, Bedford Park","Bedford Park, IL"
"Foothills Brewing, Winston-Salem","Winston-Salem, NC"
"Prost Brewing, Denver","Denver, CO"
"Sly Fox Brewhouse, Pottstown","Pottstown, PA"
"Big Horn Brewing, Indianapolis","Indianapolis, IN"
"New South Brewing, Myrtle Beach","Myrtle Beach, SC"
"El Toro Brewing Co., Morgan Hill","Morgan Hill, CA"
"RedRock Brewing Co., Salt Lake City","Salt Lake City, UT"
"Allagash Brewing Co., Portland","Portland, ME"
"South Park Brewing - CA, San Diego","San Diego, CA"
"Logsdon Organic Farm Brewery, Hood River","Hood River, OR"
"La Cumbre Brewing Co., Albuquerque","Albuquerque, NM"
"New Bohemia Brewing Co., Santa Cruz","Santa Cruz, CA"
"Humperdinks Big Horn Brewing, Dallas","Dallas, TX"
"Rocky River Brewing, Rocky River","Rocky River, OH"
"URBN St. Brewing Co., El Cajon","El Cajon, CA"
"Shine Brewing Co., Boulder","Boulder, CO"
"Stone Brewing, San Marcos","San Marcos, CA"
"MacTarnahan's Brewing, Portland","Portland, OR"
"Shorts Brewing Co., Bellaire","Bellaire, MI"
"Moab Brewery, Moab","Moab, UT"
"La Conner Brewing Company, La Conner","La Conner, WA"
"Schaefer Brewing, Fogelsville","Fogelsville, PA"
"Hoptown Brewing, Pleasanton","Pleasanton, CA"
"Thirsty Dog Brewing, Akron/Canton","Akron/Canton, OH"
"The Sandlot, Denver","Denver, CO"
"Lander Brewing Co., Lander","Lander, WY"
"Broadway Brewing, Denver","Denver, CO"
"The Bruery, Anaheim","Anaheim, CA"
"Humperdinks Big Horn Brewing, Lakewood","Lakewood, WA"
"Barren Hill Tavern and Brewery, Lafayette Hill","Lafayette Hill, PA"
"Utah Brewers, Salt Lake City","Salt Lake City, UT"
"TAPS Fish House & Brewery, Brea","Brea, CA"
"The Commons Brewery, Portland","Portland, OR"
"BRU Handbuilt Ales & Eats, Boulder","Boulder, CO"
"Track 7 Brewing Co. - Natomas, Sacramento","Sacramento, CA"
"Minneapolis Town Hall Brewery, Minneapolis","Minneapolis, MN"
"Stillmank Brewing Co., Green Bay","Green Bay, WI"
"Copper Kettle Brewing Co., Denver","Denver, CO"
"Rock Bottom, Bellevue","Bellevue, WA"
"Dock Street Brewery, Philadelphia","Philadelphia, PA"
"Midnight Sun Brewing Co., Anchorage","Anchorage, AK"
"Sierra Blanca Brewing Co., Moriarty","Moriarty, NM"
"Willoughby Brewing, Willoughby","Willoughby, OH"
"Portsmouth Brewery, Portsmouth","Portsmouth, NH"
"Amicas, Salida","Salida, CO"
"Trout Creek Brewing Company, Boulder","Boulder, CO"
"Mother Earth Brewing, Kinston","Kinston, NC"
"pFriem Family Brewers, Hood River","Hood River, OR"
"Pizza Port, Solana Beach","Solana Beach, CA"
"Beaver Street Brewery, Flagstaff","Flagstaff, AZ"
"Grapevine Craft Brewery, Grapevine","Grapevine, TX"
"The Alchemist, Waterbury","Waterbury, VT"
"City Star Brewing, Berthoud","Berthoud, CO"
"Maui Brewing, Lahaina","Lahaina, HI"
"Crooked River Brewing, Cleveland","Cleveland, OH"
"Lexington Avenue Brewery, Asheville","Asheville, NC"
"NoDa Brewing Co., Charlotte","Charlotte, NC"
"Steamworks Brewing, Durango/Bayfield","Durango/Bayfield, CO"
"Steelhead Brewery, Irvine","Irvine, CA"
"Great Basin Brewing, Reno","Reno, NV"
"Buoy Beer Co., Astoria","Astoria, OR"
"Upstream Brewing, Omaha","Omaha, NE"
"Anderson Valley Brewing, Boonville","Boonville, CA"
"Boxing Bear Brewing Co., Albuquerque","Albuquerque, NM"
"Sleeping Giant Brewing Company, Billings","Billings, MT"
"Sun King Brewery, Indianapolis","Indianapolis, IN"
"Cascade Lakes Brewing Co., Redmond","Redmond, OR"
"Brewery Ommegang, Cooperstown","Cooperstown, NY"
"Wolf Pack Brewing, West Yellowstone","West Yellowstone, MT"
"Brewzzi West Palm, West Palm Beach","West Palm Beach, FL"
"Michelob Brewing Co., Saint Louis","Saint Louis, MO"
"Stoudt Brewery, Adamstown","Adamstown, PA"
"Sockeye Brewing, Boise","Boise, ID"
"Yak & Yeti Restaurant & Brewpub, Arvada","Arvada, CO"
"CB & Pott’s Restaurant & Brewery (Highlands Ranch), Highlands Ranch","Highlands Ranch, CO"
"Highland Brewing Co., Asheville","Asheville, NC"
"Fair Winds Brewing Co., Lorton","Lorton, VA"
"Saucony Creek Brewing Co., Kutztown","Kutztown, PA"
"Bridge Port Brewing Company, Portland","Portland, OR"
"Dostal Alley BrewPub, Central City","Central City, CO"
"Pelican Brewing Co., Tillamook","Tillamook, OR"
"Newburgh Brewing Co., Newburgh","Newburgh, NY"
"Breakside Brewery, Milwaukie","Milwaukie, OR"
"Mission Brewery, San Diego","San Diego, CA"
"Red Rock Brewing, Salt Lake City","Salt Lake City, UT"
"Fat Head’s Brewery & Saloon, North Olmsted","North Olmsted, OH"
"Walnut Brewery, Boulder","Boulder, CO"
"Empire Brewery of Rochester, Rochester","Rochester, NY"
"The Beer Co., Detroit","Detroit, MI"
"Community Beer Co., Dallas","Dallas, TX"
"C.B. & Potts, Englewood","Englewood, CO"
"Otto Brothers Brewing Co., Victor","Victor, ID"
"Black Star Co-op, Austin","Austin, TX"
"Rock Bottom, Milwaukee","Milwaukee, WI"
"Hoppers Grill & Brewery, Midvale","Midvale, UT"
"Rogue Brewery, Newport","Newport, OR"
"Old Dominion Brewing, Ashburn","Ashburn, VA"
"Gordon Biersch Brewery, Broomfield","Broomfield, CO"
"Mad Fox Brewing Co., Falls Church","Falls Church, VA"
"Roadhouse Brewing Co., Jackson","Jackson, WY"
"Perennial Artisan Ales, St. Louis","St. Louis, MO"
"JAFB Wooster Brewery, Wooster","Wooster, OH"
"The Church Brew Works, Pittsburgh","Pittsburgh, PA"
"The Olde Mecklenburg Brewery, Charlotte","Charlotte, NC"
"Watson Brothers Brewhouse, Cincinnati","Cincinnati, OH"
"Mickey's Brewing, Milwaukee","Milwaukee, WI"
"Huntington Beach Beer Co., Huntington Beach","Huntington Beach, CA"
"Yazoo Brewing, Nashville","Nashville, TN"
"Rhinegeist Brewing, Cincinnati","Cincinnati, OH"
"Gun Hill Brewing Co., Bronx","Bronx, NY"
"Hereford & Hops Brewpub, Wausau","Wausau, WI"
"Buckbean Brewing Co., Reno","Reno, NV"
"New Glarus Brewing, New Glarus","New Glarus, WI"
"Great Northern Brewing, Whitefish","Whitefish, MT"
"Great American Restaurants, Centreville","Centreville, VA"
"Logsdon Farmhouse Ales, Hood River","Hood River, OR"
"Bear Republic Brewing, Healdsburg","Healdsburg, CA"
"Waterloo Brewing Company, Austin","Austin, TX"
"Mill Creek Brewpub, Walla Walla","Walla Walla, WA"
"Heartland Brewery, New York","New York, NY"
"Brewzzi, West Palm Beach","West Palm Beach, FL"
"Smuttynose Brewing, Portsmouth","Portsmouth, NH"
"Platform Beer Co., Cleveland","Cleveland, OH"
"TAPS Fish House & Brewery, BreaBrea","BreaBrea, CA"
"Port Brewing Pizza Port Carlsbad, Carlsbad","Carlsbad, CA"
"SKA Brewing, Durango","Durango, CO"
"Snake River Brewing, Jackson","Jackson, WY"
"North by Northwest, Austin","Austin, TX"
"Springfield Brewing, Springfield","Springfield, MO"
"Big Horn Brewing, Denver","Denver, CO"
"Detroit Beer Co., Detroit","Detroit, MI"
"Blitz-Weinhard Brewing, Hood River","Hood River, OR"
"Pale Fire Brewing Co., Harrisonburg","Harrisonburg, VA"
"Redwood Brewing, Flint","Flint, MI"
"Our Mutual Friend Malt & Brew, Denver","Denver, CO"
"Spanish Peaks Brewing, Stamford","Stamford, CT"
"Port Brewing Co. Pizza Port Carlsbad, Carlsbad","Carlsbad, CA"
"Montgomery Brewing Co., Montgomery","Montgomery, AL"
"Mad River Brewing Co., Blue Lake","Blue Lake, CA"
"Great Adirondack Brewing Co., Lake Placid","Lake Placid, NY"
"Propolis Brewing, Port Townsend","Port Townsend, WA"
"Pedernales Brewing Co., Fredericksburg","Fredericksburg, TX"
"Sports City Café & Brewery, La Jolla","La Jolla, CA"
"Stone Brewing, Escondido","Escondido, CA"
"Coda Brewing Co., Aurora","Aurora, CO"
"St. Florian’s Brewery, Windsor","Windsor, CA"
"Breakwater Brewing Co., Oceanside","Oceanside, CA"
"Back Street Brewery, Vista","Vista, CA"
"Natty Greene’s Brewing Co., Greensboro","Greensboro, NC"
"Walking Man Brewing, Stevenson","Stevenson, WA"
"Nebraska Brewing Co., La Vista","La Vista, NE"
"DESTIHL - Champaign, Champaign","Champaign, IL"
"Tahoe Mountain Brewing, Truckee","Truckee, CA"
"Sierra Nevada Brewing, Chico","Chico, CA"
"Wander Brewing, Bellingham","Bellingham, WA"
"21st Amendment, San Leandro","San Leandro, CA"
"Gordon Biersch Brewery, Chattanooga","Chattanooga, TN"
"Lickinghole Creek Craft Brewery, Goochland","Goochland, VA"
"Sullivan’s Black Forest Brew Haus & Grill, Frankenmuth","Frankenmuth, MI"
"Wagner Valley Brewing Co., Lodi","Lodi, NY"
"Boundary Bay Brewery, Bellingham","Bellingham, WA"
"Flying Fish Brewing Co., Cherry Hill","Cherry Hill, NJ"
"Weyerbacher Brewing Co., Easton","Easton, PA"
"Flix Brewhouse - Indy, Carmel","Carmel, IN"
"Rock Bottom, Long Beach","Long Beach, CA"
"Minocqua Brewing Company, Minocqua","Minocqua, WI"
"The Boston Beer Co., Boston","Boston, MA"
"Rahr & Sons Brewing, Fort Worth","Fort Worth, TX"
"Baltimore Brewing, Baltimore","Baltimore, MD"
"Karl Strauss Brewing, La Jolla","La Jolla, CA"
"Adelbert’s Brewery, Austin","Austin, TX"
"Charleville Vineyard & Microbrewery, Ste. Genevieve","Ste. Genevieve, MO"
"Exile Brewing, Des Moines","Des Moines, IA"
"Short’s Brewing Co., Bellaire","Bellaire, MI"
"Kalamazoo Brewing, Kalamazoo","Kalamazoo, MI"
"Colorado Belle, Laughlin","Laughlin, NV"
"Erie Brewing, Erie","Erie, PA"
"Lompoc Brewing - The 5th Quadrant, Portland","Portland, OR"
"(512) Brewing Co., Austin","Austin, TX"
"Flying Dog Brewery, Denver","Denver, CO"
"Pizza Port, San Clemente","San Clemente, CA"
"Alltech's Lexington Brewing Co., Lexington","Lexington, KY"
"Wynwood Brewing Co., Miami","Miami, FL"
"Commonwealth Brewing, Boston","Boston, MA"
"Tap It Brewing Co., San Luis Obispo","San Luis Obispo, CA"
"Spanish Peaks Brewing, King City","King City, CA"
"Tampa Bay Brewing Co., Tampa","Tampa, FL"
"Karl Strauss Brewing, Costa Mesa","Costa Mesa, CA"
"Yards Brewing Co., Philadelphia","Philadelphia, PA"
"Brewery Rickoli, Wheat Ridge","Wheat Ridge, CO"
"Long Valley Pub, Long Valley","Long Valley, NJ"
"The Royal Oak Brewery, Royal Oak","Royal Oak, MI"
"O'Fallon Brewery, O'Fallon","O'Fallon, MO"
"Piece Brewery, Chicago","Chicago, IL"
"Bethlehem Brew Works, Bethlehem","Bethlehem, PA"
"Iron Hill Brewery, LancasterLancaster","LancasterLancaster, PA"
"BJ's Restaurant & Brewery, Chandler","Chandler, AZ"
"Brewzzi, Boca Raton","Boca Raton, FL"
"Opa-Opa Brewing Co., Southampton","Southampton, MA"
"Mystic Brewery, Chelsea","Chelsea, MA"
"West O Beer, West Okoboji","West Okoboji, IA"
"Elliott Bay Brewing, Seattle","Seattle, WA"
"Bob's House of Brews, Grand Rapids","Grand Rapids, MI"
"Bottoms Up Brewing, Pinedale","Pinedale, WY"
"Copper Tank Brewing Co., Dallas","Dallas, TX"
"CB and Potts Restaurant and Brewery, Fort Collins","Fort Collins, "
"Coastal Empire Beer Co., Savannah","Savannah, GA"
"Hollister Brewing Co., Goleta","Goleta, CA"
"Ram Production Brewery, Tacoma","Tacoma, WA"
"Amherst Brewing, Amherst","Amherst, MA"
"Gordon Biersch Brewery, Rockville","Rockville, MD"
"Tommyknocker Brewery, Idaho Springs","Idaho Springs, CO"
"The Civil Life Brewing Co., St. Louis","St. Louis, MO"
"The Stroh Brewery Company, Fogelsville","Fogelsville, PA"
"Fitgers Brewhouse, Duluth","Duluth, MN"
"Spangalang Brewery, Denver","Denver, CO"
"Bemidji Brewing Co., Bemidji","Bemidji, MN"
"Three Floyds Brewing Co., Munster","Munster, IN"
"Capital Brewery, Middleton","Middleton, WI"
"New Planet Beer Co., Boulder","Boulder, CO"
"James Page Brewing, Minneapolis","Minneapolis, MN"
"Headlands Brewing Co., Mill Valley","Mill Valley, CA"
"C.B. Potts Restaurant & Brewery (Fort Collins), Fort Collins","Fort Collins, CO"
"Mispillion River Brewing, Milford","Milford, DE"
"Capitol City Brewing, Washington","Washington, DC"
"August Schell Brewing, New Ulm","New Ulm, MN"
"Hamm's Brewing Company, Milwaukee","Milwaukee, WI"
"Schooner’s Grille & Brewery, Antioch","Antioch, CA"
"Silver Moon Brewing, Bend","Bend, OR"
"Il Vicino Brewing, Colorado Springs","Colorado Springs, CO"
"John Harvard's Brew House, Framingham","Framingham, MA"
"Indeed Brewing Co., Minneapolis","Minneapolis, MN"
"J.J. Bitting Brewing Co., Woodbridge","Woodbridge, NJ"
"Blackstone Brewing, Nashville","Nashville, TN"
"Blind Tiger Brewery, Topeka","Topeka, KS"
"EarthBread + Brewery, Philadelphia","Philadelphia, PA"
"The Great Dane Pub, Madison","Madison, WI"
"Rock Bottom, Broomfield","Broomfield, CO"
"New Mexico Brewers Guild, Santa Fe","Santa Fe, NM"
"Stuft Pizza & Brewing Co., San Diego","San Diego, CA"
"Blue Mountain Barrel House, Afton","Afton, VA"
"Rockyard American Grill & Brewing Co., Castle Rock","Castle Rock, CO"
"Leinenkugel Brewing, Phoenix","Phoenix, AZ"
"Iron Hill Brewery, Media","Media, PA"
"Vino's Pizza Pub, Little Rock","Little Rock, AR"
"DC Brau Brewing Co., Washington","Washington, DC"
"Broken Compass Brewing, Breckenridge","Breckenridge, CO"
"Figueroa Mountain Brewing, Santa Barbara","Santa Barbara, CA"
"H.C. Berger Brewing, Fort Collins","Fort Collins, CO"
"Bottle Logic Brewing, Anaheim","Anaheim, CA"
"Equinox Brewing, Fort Collins","Fort Collins, CO"
"Dornbusch Brewing Co., Ipswich","Ipswich, MA"
"Four Seasons Brewing Co., Latrobe","Latrobe, PA"
"Voodoo Brewery, Meadville","Meadville, PA"
"Frederick Brewing Company, Frederick","Frederick, MD"
"Pabst Brewing, Fogelsville","Fogelsville, PA"
"Brew Moon, Needham","Needham, MA"
"Fredericksburg Brewing, Fredericksburg","Fredericksburg, TX"
"Sacramento Brewing Co., Sacramento","Sacramento, CA"
"Marin Brewing, Larkspur","Larkspur, CA"
"John Harvard's Brew House, Boston","Boston, MA"
"T-Bonz Homegrown Ales, Myrtle Beach","Myrtle Beach, SC"
"RAM Restaurant, Indianapolis","Indianapolis, IN"
"Red Star Brewery, Greensburg","Greensburg, PA"
"Cambridge Brewing, Torrington","Torrington, CT"
"Coast Brewing, Biloxi","Biloxi, MS"
"Logboat Brewing Co., Columbia","Columbia, MO"
"Troegs Brewery, Harrisburg","Harrisburg, PA"
"LaConner Brewing Co., LaConner","LaConner, WA"
"Lumberyard Brewing Co., Flagstaff","Flagstaff, AZ"
"Rainier Brewing, San Antonio","San Antonio, TX"
"AleSmith Brewing, San Diego","San Diego, CA"
"Jolly Pumpkin Artisan Ales, Dexter","Dexter, MI"
"Rock Bottom, Bethseda","Bethseda, MD"
"Echo Brewing Co., Frederick","Frederick, CO"
"Wasatch Brewery, Park City","Park City, UT"
"Thunder Canyon Brewery, Tucson","Tucson, AZ"
"Thirsty Dog Brewing, Akron","Akron, OH"
"Carver Brewing, Durango","Durango, CO"
"Bent River Brewing Co., Moline","Moline, IL"
"Tröegs Brewing Co., Harrisburg","Harrisburg, PA"
"Great Divide Brewing, Denver","Denver, CO"
"McHale’s Brewhouse, Chattanooga","Chattanooga, TN"
"John Harvard's Brew House, Cambridge","Cambridge, MA"
"Speakeasy Ales & Lagers, San Francisco","San Francisco, CA"
"Stoddard's Brewhouse and Eatery, Sunnyvale","Sunnyvale, CA"
"Trumer Brauerei Berkeley, Berkeley","Berkeley, CA"
"Rock Bottom, Broomfi eld","Broomfi eld, CO"
"Wagner Brewing Company, Lodi","Lodi, NY"
"Pelican Brewing Co., Pacifi c City","Pacifi c City, OR"
"White Bluffs Brewing, Richland","Richland, WA"
"Big Bear Brewing Company, Coral Springs","Coral Springs, FL"
"Boulder Beer Co., Boulder","Boulder, CO"
"Iron Hill Brewery, Wilmington","Wilmington, DE"
"Wiley Roots Brewing Co., Greeley","Greeley, CO"
"Olde Auburn Ale House, Auburn","Auburn, AL"
"Jailbreak Brewing Co., Laurel","Laurel, MD"
"Commonwealth Brewing, New York","New York, NY"
"SanTan Brewing Co., Chandler","Chandler, AZ"
"Left Coast Brewing Co., San Clemente","San Clemente, CA"
"Morgan Street Brewery, St. Louis","St. Louis, MO"
"Kannah Creek Brewing Co., Grand Junction","Grand Junction, CO"
"Oskar Blues, Lyons","Lyons, CO"
"Sleeping Lady Brewing Company, Anchorage","Anchorage, AK"
"Big Island Brewhaus, Kamuela","Kamuela, HI"
"Blue Point Brewing Co., Patchogue","Patchogue, NY"
"Steamworks Brewing, Durango","Durango, CO"
"BJ's Restaurant & Brewery, Portland","Portland, OR"
"Alcatraz Brewing Co., Littleton","Littleton, CO"
"Mad Anthony Brewing, Fort Wayne","Fort Wayne, IN"
"Miller Brewing, Golden","Golden, CO"
"Reuben's Brews, Seattle","Seattle, WA"
"Lone Tree Brewing Co., Lone Tree","Lone Tree, CO"
"Big River Grille, Chattanooga","Chattanooga, TN"
"Auburn Alehouse, Auburn","Auburn, CA"
"Sycamore Brewing, Charlotte","Charlotte, NC"
"Butte Creek Brewing Co., Chico","Chico, CA"
"Pete's Place, Krebs","Krebs, OK"
"Black Bottle Brewery, Fort Collins","Fort Collins, CO"
"Steelhead Brewery, San Francisco","San Francisco, CA"
"Pig’s Eye Brewing Co., Woodbury","Woodbury, MN"
"Barley Brothers Brewery, Lake Havasu City","Lake Havasu City, AZ"
"Brew Moon, Braintree","Braintree, MA"
"Figueroa Mountain Brewing, Arroyo Grande","Arroyo Grande, CA"
"Great Basin Brewing, RenoReno","RenoReno, NV"
"Tabernash Brewing, Longmont","Longmont, CO"
"Church Brew Works, Pittsburgh","Pittsburgh, PA"
"IL Vicino Brewing Co., Albuquerque","Albuquerque, NM"
"Hardywood Park Craft Brewery, Richmond","Richmond, VA"
"Beachwood BBQ & Brewing, Long Beach","Long Beach, CA"
"Oggi’s Pizza & Brewing Co., San Clemente","San Clemente, CA"
"Issaquah Brewhouse, Issaquah","Issaquah, WA"
"Silver City Brewery, Silverdale","Silverdale, WA"
"Anheuser-Busch, Saint Louis","Saint Louis, MO"
"Paducah Beer Werks, Paducah","Paducah, KY"
"Alcatraz Brewing Co., Indianapolis","Indianapolis, IN"
"The Willoughby Brewing Co., Willoughby","Willoughby, OH"
"Brasserie Saint James, Reno","Reno, NV"
"Basil T's Brewery & Italian Grill, Red Bank","Red Bank, NJ"
"Widmer Brothers Brewing, Portland","Portland, OR"
"The Beer Co., San Diego","San Diego, CA"
"Barrio Brewing Co., Tucson","Tucson, AZ"
"Raleigh Brewing Co., Raleigh","Raleigh, NC"
"Second Street Brewery, Santa Fe","Santa Fe, NM"
"San Diego Brewing Co., San Diego","San Diego, CA"
"Hub City Brewery, Lubbock","Lubbock, TX"
"Discretion Brewing, Soquel","Soquel, CA"
"Grimm Brothers Brewhouse, Loveland","Loveland, CO"
"Capitol City Brewing, Arlington","Arlington, VA"
"Brew Bus Brewing, Tampa","Tampa, FL"
"Millstream Brewing, Amana","Amana, IA"
"Victory Brewing Co., Downingtown","Downingtown, PA"
"Mankato Brewery, Mankato","Mankato, MN"
"Atwater Block Brewery, Detroit","Detroit, MI"
"Station 26 Brewing Co., Denver","Denver, CO"
"Sweetwater Brewing, Centreville","Centreville, VA"
"Aiken Brewing, Aiken","Aiken, SC"
"Jacob Leinenkugel Brewing, Chippewa Falls","Chippewa Falls, WI"
"Pabst Brewing, San Antonio","San Antonio, TX"
"Firestone Walker, Buellton","Buellton, CA"
"Big Buck Brewery and Steakhouse, Auburn Hills","Auburn Hills, MI"
"Carson’s Brewery, Evansville","Evansville, IN"
"Sound Brewery, Poulsbo","Poulsbo, WA"
"Hook & Ladder Brewing Company, Oakland","Oakland, CA"
"Kansas City Bier Co., Kansas City","Kansas City, MO"
"Pump House Restaurant & Brewery, Longmont","Longmont, CO"
"Pony Express Brewing, Olathe","Olathe, KS"
"Motorworks Brewing, Bradenton","Bradenton, FL"
"Water Street Brewery, Milwaukee","Milwaukee, WI"
"Comrade Brewing Co., Denver","Denver, CO"
"The Cowboy Restaurant & Brewery, Scottsdale","Scottsdale, AZ"
"Bent Paddle Brewing Co., Duluth","Duluth, MN"
"Upslope Brewing Co., Boulder","Boulder, CO"
"Kinetic Brewing Co., Lancaster","Lancaster, CA"
"The Tap Beer Co., Bloomington","Bloomington, IN"
"The Fort Collins Brewery, Fort Collins","Fort Collins, CO"
"Titanic Brewing, Coral Gables","Coral Gables, FL"
"Heileman Brewing Company, San Antonio","San Antonio, TX"
"Big Sky Brewing Co., Missoula","Missoula, MT"
"Central Coast Brewing Co., San Luis Obispo","San Luis Obispo, CA"
"The Powerhouse Brewing Co., Sebastopol","Sebastopol, CA"
"Drake’s Brewing Co., San Leandro","San Leandro, CA"
"John Harvard's Brew House, Braintree","Braintree, MA"
"Saint Arnold Brewing, Houston","Houston, TX"
"Piney River Brewing Co., Bucyrus","Bucyrus, MO"
"Blue Mountain Barrel House, Arrington","Arrington, VA"
"Uncle Billy’s Brew & Que, Lake TravisAustin","Lake TravisAustin, TX"
"Calhoun's Restaurant, Knoxville","Knoxville, TN"
"Brasserie Monx Ltd., Seattle","Seattle, WA"
"Great Lakes Brewing, Cleveland","Cleveland, OH"
"Back Bay Brewing Company, Boston","Boston, MA"
"Green Flash Brewing Co., San Diego","San Diego, CA"
"Crabtree Brewing Co., Greeley","Greeley, CO"
"Sly Fox Brewhouse, Royersford","Royersford, PA"
"Mystery Brewing Co., Hillsborough","Hillsborough, NC"
"Rocky River Brewing, Sevierville","Sevierville, TN"
"Local Color Brewing Company, Novi","Novi, MI"
"Craft Brew Alliance - Kona Brewery, Kailua Kona","Kailua Kona, HI"
"Alltech’s Lexington Brewing Co., Lexington","Lexington, KY"
"Hyde Park Brewing Co., Hyde Park","Hyde Park, NY"
"Laughing Dog Brewing, Ponderay","Ponderay, ID"
"Susquehanna Brewing Co., Pittston","Pittston, PA"
"McKenzie Brew House, Glen Mills","Glen Mills, PA"
"FATE Brewing Co., Boulder","Boulder, CO"
"Pisgah Brewing Co., Black Mountain","Black Mountain, NC"
"Surly Brewing Co., Brooklyn Center","Brooklyn Center, MN"
"Pyramid Breweries, Seattle","Seattle, WA"
"Sudwerk Privatbrauerei Hübsch, Davis","Davis, CA"
"Stevens Point Brewery, Stevens Point","Stevens Point, WI"
"Carolina Brewery, Pittsboro","Pittsboro, NC"
"Harpoon Brewery, Boston","Boston, MA"
"Liberty Street Brewing Company, Akron","Akron, OH"
"P.H. Woods Restaurant, Moreno Valley","Moreno Valley, CA"
"Cannonball Creek Brewing Co., Golden","Golden, CO"
"Gordon Biersch Brewery, San Jose","San Jose, CA"
"Three Needs, Burlington","Burlington, VT"
"Chuckanut Brewery, Bellingham","Bellingham, WA"
"Sprecher Brewing, Glendale","Glendale, WI"
"Lager Heads Brewing Co., Medina","Medina, OH"
"Rock Bottom, Scottsdale","Scottsdale, AZ"
"Upland Brewing, Bloomington","Bloomington, IN"
"Rip Current Brewery, San Marcos","San Marcos, CA"
"The Spoetzl Brewery, Shiner","Shiner, TX"
"Three Brothers Brewing, Harrisonburg","Harrisonburg, VA"
"Ska Brewing, Durango","Durango, CO"
"Creature Comforts Brewing Co., Athens","Athens, GA"
"Empire Brewing Company of Rochester, Rochester","Rochester, NY"
"Barley Island Brewing Co., Noblesville","Noblesville, IN"
"Rubicon Brewing Co., Sacramento","Sacramento, CA"
"Boston Beer Co., Boston","Boston, MA"
"CB & Potts Restaurant & Brewery, Broomfield","Broomfield, CO"
"Market Garden Brewery, Cleveland","Cleveland, OH"
"LowDown Brewery + Kitchen, Denver","Denver, CO"
"Coronado Brewing Company Brewpub, Coronado","Coronado, CA"
"Triumph Brewing, Philadelphia","Philadelphia, PA"
"Madison River Brewing Co., Belgrade","Belgrade, MT"
"LoneRider Brewing Co., Raleigh","Raleigh, NC"
"Anheuser-Busch, St. Louis","St. Louis, MI"
"Big Horn Brewing, Dallas","Dallas, TX"
"The Unlikely Cowboy Restaurant & Brewery, Scottsdale","Scottsdale, AZ"
"Colorado Boy Pub & Brewery, Ridgway","Ridgway, CO"
"Redfish New Orleans Brewhouse, Boulder","Boulder, CO"
"DuClaw Brewing Co., Rosedale","Rosedale, MD"
"Nexus Brewery, Albuquerque","Albuquerque, NM"
"Narragansett Brewing Co., Providence","Providence, RI"
"Lion Bridge Brewing Co., Cedar Rapids","Cedar Rapids, IA"
"Titletown Brewing Co., Green Bay","Green Bay, WI"
"No-Li Brewhouse, Spokane","Spokane, WA"
"Block 15, Corvallis","Corvallis, OR"
"Moosejaw Pizza and Brewing, Wisconsin Dells","Wisconsin Dells, WI"
"Miller Brewing, Milwaukee","Milwaukee, WI"
"Cottonwood Brewery, Boone","Boone, NC"
"Avery Brewing, Boulder","Boulder, CO"
"Emmett’s Brewing Co., West Dundee","West Dundee, IL"
"Draught Works, Missoula","Missoula, MT"
"CJ's Brewery & Grill, La Jolla","La Jolla, CA"
"Captain Lawrence Brewing, Elmsford","Elmsford, NY"
"Ham’s Restaurant & Brewhouse, Greenville","Greenville, NC"
"Harmon Restaurant & Brewery, Tacoma","Tacoma, WA"
"choc Beer Co., Krebs","Krebs, OK"
"Thirsty Planet Brewing, Austin","Austin, TX"
"Big Horn Brewing, Wheeling","Wheeling, IL"
"Arcadia Brewing Co., Battle Creek","Battle Creek, MI"
"Oakshire Brewing, Eugene","Eugene, OR"
"Springfi eld Brewing Co., Springfi eld","Springfi eld, MO"
"Rock Bottom, King of Prussia","King of Prussia, PA"
"Lost Rhino Brewing Co., Ashburn","Ashburn, VA"
"Augusta Brewing Co., Washington","Washington, MO"
"Choc Beer Co., Krebs","Krebs, OK"
"BJ's Restaurant & Brewery, Temple","Temple, TX"
"Bitter Creek Brewing, Rock Springs","Rock Springs, WY"
"Harmon Pub & Brewery, Tacoma","Tacoma, WA"
"Main Street Brewery Lamppost Pizza, Corona","Corona, CA"
"Red Lodge Ales, Red Lodge","Red Lodge, MT"
"Rock Bottom, Portland","Portland, OR"
"Stoudts Brewing Co., Adamstown","Adamstown, PA"
"Mad Anthony Brewing, Ft. Wayne","Ft. Wayne, IN"
"Backcountry Brewery, Frisco","Frisco, CO"
"McKenzie Brew House, Malvern","Malvern, PA"
"Trout Brook Brewing Company, Hartford","Hartford, CT"
"Yak and Yeti Brewpub, Arvada","Arvada, CO"
"Redhook Brewery, Woodinville","Woodinville, WA"
"Pizza Port, Carlsbad","Carlsbad, CA"
"Bill's Tavern & Brewhouse, Cannon Beach","Cannon Beach, OR"
"West Brothers Brewery, Eugene","Eugene, OR"
"Triple C Brewing, Charlotte","Charlotte, NC"
"Boscos Brewing, Little Rock","Little Rock, AR"
"SLO Brewing, Paso Robles","Paso Robles, CA"
"Dry Dock Brewing, South Dock","South Dock, "
"The Brooklyn Brewery, Brooklyn","Brooklyn, NY"
"Kuhnhenn Brewing Co., Warren","Warren, MI"
"Elysian Brewery, Seattle","Seattle, WA"
"Ninkasi Brewing Co., Eugene","Eugene, OR"
"Pig's Eye Brewing Co., St. Paul","St. Paul, MN"
"Bootlegger’s Brewery, Fullerton","Fullerton, CA"
"Cleveland ChopHouse and Brewery, Cleveland","Cleveland, OH"
"Campbell Brewing Co., Campbell","Campbell, CA"
"Henry Weinhard's Brewing, Milwaukee","Milwaukee, WI"
"Buckhead Brewery & Grill, Stockbridge","Stockbridge, GA"
"Aspen Brewing Co., Aspen","Aspen, CO"
"Crooked Stave Artisan Beer Project, Denver","Denver, CO"
"Sandlot Brewery, Denver","Denver, CO"
"7th Settlement Brewery, Dover","Dover, NH"
"Thomas Creek Brewery, Greenville","Greenville, SC"
"Namaste Brewing at the Whip In, Austin","Austin, TX"
"Hops Restaurant Bar and Brewery, Tampa","Tampa, FL"
"West Bros Brewery, Eugene","Eugene, OR"
"Great Dane Pub, Madison","Madison, WI"
"Crossroads Brewing Co., Athens","Athens, NY"
"FireHouse Grill & Brewery, Sunnyvale","Sunnyvale, CA"
"Cedar Creek Brewery, Seven Points","Seven Points, TX"
"Schooner's Grille & Brewery, Antioch","Antioch, CA"
"Rock Bottom, Orland Park","Orland Park, IL"
"BrickStone Brewery, Bourbonnais","Bourbonnais, IL"
"Jack’s Abby Brewing, Framingham","Framingham, MA"
"Main Street Station 777 Brewpub, Las Vegas","Las Vegas, NV"
"Wicked Weed Brewing, Candler","Candler, NC"
"Black Market Brewing Co., Temecula","Temecula, CA"
"Big Horn Brewing, Westminster","Westminster, CO"
"Smuggler's Brewpub, Telluride","Telluride, CO"
"Lavery Brewing Co., Erie","Erie, PA"
"Vintage Brewing Co., Madison","Madison, WI"
